"ID","Description","setSize","enrichmentScore","NES","pvalue","p.adjust","qvalue","rank","leading_edge","core_enrichment","log2err"
"HALLMARK_INTERFERON_GAMMA_RESPONSE","HALLMARK_INTERFERON_GAMMA_RESPONSE",118,0.761699090033785,2.31650750043915,1e-10,2.5e-09,1.73684210526316e-09,797,"tags=49%, list=13%, signal=44%","MX1/ISG15/IFIT3/GCH1/CXCL10/C1R/IDO1/STAT1/MTHFD2/CFB/LAP3/ZBP1/OASL/NMI/SERPING1/PNP/CXCL11/DHX58/RTP4/C1S/RIGI/PML/PSMB2/CCL7/TNFAIP6/IL6/WARS1/PSMA2/PTPN1/UPP1/CASP3/TRIM21/B2M/MVP/GZMA/ICAM1/OGFR/IFIT2/PSME2/HLA-G/CCL2/FCGR1A/PSMB10/IFIH1/CCL5/STAT3/ITGB7/SOD2/CFH/PLA2G4A/NAMPT/UBE2L6/LGALS3BP/CD69/PTPN2/VCAM1/IL18BP/PNPT1",NA
"HALLMARK_INTERFERON_ALPHA_RESPONSE","HALLMARK_INTERFERON_ALPHA_RESPONSE",50,0.803212826755399,2.16523992250642,1e-10,2.5e-09,1.73684210526316e-09,219,"tags=42%, list=3%, signal=41%","MX1/ISG15/IFIT3/OAS1/CXCL10/LAP3/GBP2/OASL/NMI/CXCL11/UBA7/DHX58/RTP4/C1S/SELL/WARS1/TRIM21/B2M/OGFR/IFIT2/PSME2",NA
"HALLMARK_COMPLEMENT","HALLMARK_COMPLEMENT",147,0.579619083391604,1.80288492760073,2.14811412615427e-06,3.58019021025712e-05,2.48729004081021e-05,883,"tags=37%, list=14%, signal=33%","GZMB/GZMK/C1R/CFB/LAP3/SERPING1/CR1/C1S/C9/IL6/APOA4/CASP3/S100A12/F5/PRCP/SERPINB2/GZMA/APOBEC3G/PLEK/MMP8/LYN/FN1/PCSK9/C3/S100A9/SERPINC1/SPOCK2/C2/CD55/USP14/F10/EHD1/HSPA5/CCL5/APOC1/GCA/C1QC/GMFB/TIMP2/SRC/PLAUR/CFH/VCPIP1/PLA2G4A/F8/F7/ITIH1/CDA/CTSD/PIK3CG/GRB2/LCK/SERPINA1/TIMP1/PFN1",0.627256739718528
"HALLMARK_MYC_TARGETS_V1","HALLMARK_MYC_TARGETS_V1",119,0.583928427545656,1.78324954233459,1.73537010037576e-05,0.000173537010037576,0.000120562554341895,1127,"tags=39%, list=18%, signal=33%","RACK1/HDAC2/PA2G4/PCNA/HPRT1/PSMB2/CTPS1/PSMA2/RRM1/EIF4E/TRA2B/SYNCRIP/SNRPA/EIF2S1/HSP90AB1/LDHA/APEX1/KPNB1/KARS1/HNRNPA2B1/KPNA2/PABPC4/HNRNPA1/ERH/RAN/CCT5/PSMA7/GOT2/PPIA/SRPK1/RPS3/SSB/HNRNPD/NCBP1/CDK2/TYMS/DUT/PSMA4/SRSF7/TRIM28/SNRPA1/SET/PCBP1/PGK1/CBX3/PSMD7/FBL",0.575610261071129
"HALLMARK_MTORC1_SIGNALING","HALLMARK_MTORC1_SIGNALING",112,0.580840543795405,1.73541843555694,1.37226248181055e-05,0.000171532810226319,0.000119170162894074,677,"tags=29%, list=11%, signal=27%","PSAT1/MTHFD2/GPI/SHMT2/PNP/HPRT1/GMPS/GAPDH/WARS1/SDF2L1/IDH1/PPA1/ALDOA/HSP90B1/TPI1/GSR/IDI1/LDHA/RAB1A/G6PD/CFP/RPN1/HSPA5/STIP1/QDPR/PPIA/PHGDH/NAMPT/ENO1/ERO1A/HK2/TXNRD1/DAPP1",0.593325476396405
"HALLMARK_COAGULATION","HALLMARK_COAGULATION",109,0.575108808579504,1.72790367338144,3.53022600107415e-05,0.000294185500089513,0.000204381505325346,947,"tags=38%, list=15%, signal=33%","C1R/MMP1/CFB/FGG/SERPING1/VWF/APOA1/C1S/C9/MMP2/SERPINB2/PLEK/MMP8/FN1/A2M/C3/DCT/F13B/TF/MMP3/SERPINC1/CFI/F11/C2/F10/APOC1/CFH/CPN1/MMP9/F8/ITIH1/F9/COMP/C8G/THBS1/SERPINA1/TIMP1/PROC/PROS1/SERPINE1/ANXA1",0.557332238758646
"HALLMARK_UNFOLDED_PROTEIN_RESPONSE","HALLMARK_UNFOLDED_PROTEIN_RESPONSE",57,0.621067492575357,1.71872118600133,0.000412973474755101,0.00229429708197278,0.00159393270958109,1175,"tags=39%, list=19%, signal=32%","PSAT1/MTHFD2/EIF4E/TARS1/HSP90B1/CCL2/EIF2S1/EIF4G1/PDIA6/PDIA5/HSPA5/YWHAZ/ERO1A/HYOU1/EDC4/NABP1/EXOSC5/HSPA9/SLC30A5/EIF4A2/RPS14/SHC1",0.49849310876659
"HALLMARK_E2F_TARGETS","HALLMARK_E2F_TARGETS",95,0.565426486840465,1.66567316390661,0.000161598330587117,0.00115427378990798,0.000801916527725543,1068,"tags=33%, list=17%, signal=28%","MTHFD2/PA2G4/PCNA/EED/CDKN3/CTPS1/SMC3/SHMT1/TRA2B/SYNCRIP/EIF2S1/NUDT21/KPNA2/DCTPP1/SLBP/RAN/RAD1/AK2/CNOT9/ZW10/POP7/PSIP1/HNRNPD/HMGB3/DCK/DUT/CHEK1/CHEK2/RAD51C/MRE11/TMPO",0.518848077743792
"HALLMARK_ALLOGRAFT_REJECTION","HALLMARK_ALLOGRAFT_REJECTION",142,0.516859618993316,1.60949908559571,0.00031669595321131,0.00197934970757069,0.00137512716525963,1226,"tags=30%, list=19%, signal=24%","GZMB/STAT1/GBP2/CCL7/IL6/ELANE/WARS1/B2M/FGR/GZMA/ICAM1/LYN/MAP4K1/HLA-G/CCL2/SPI1/C2/PSMB10/CFP/AARS1/CCL5/PRKCB/MMP9/DARS1/CSK/RPS19/CD8A/LCK/HCLS1/IL9/TIMP1/TLR2/ICOSLG/TLR1/THY1/CCL19/ZAP70/IL10/LTB/LY86/GALNT1/CXCL9",0.49849310876659
"HALLMARK_XENOBIOTIC_METABOLISM","HALLMARK_XENOBIOTIC_METABOLISM",124,0.508540921836991,1.55206957997758,0.0012487776854137,0.00624388842706852,0.00433785932827918,928,"tags=30%, list=15%, signal=26%","GCH1/CRP/CFB/ITIH4/APOE/PGD/SHMT2/HMOX1/HPRT1/POR/UPP1/IDH1/NQO1/PTGDS/GSR/F11/PSMB10/KARS1/F10/ACOX1/LONP1/MTHFD1/AHCY/GSTO1/VTN/ANGPTL3/FAH/GABARAPL1/ARG1/ITIH1/CDA/DHPS/IGFBP4/PROS1/ASL/SERPINE1/BLVRB",0.45505986738723
"HALLMARK_INFLAMMATORY_RESPONSE","HALLMARK_INFLAMMATORY_RESPONSE",117,0.500371021397635,1.5257499740969,0.00648703768840263,0.0294865349472847,0.020485382173903,1014,"tags=32%, list=16%, signal=27%","GCH1/CXCL10/NMI/CXCL11/RTP4/SELL/CCL7/TNFAIP6/IL6/TNFRSF1B/SELE/NDP/ICAM1/LYN/IL18R1/CCL2/SEMA4D/CD55/CCL5/SCARF1/CD48/PLAUR/NAMPT/CD69/CXCL8/SPHK1/LCK/CD14/TIMP1/TLR2/ICOSLG/EBI3/SERPINE1/IL15RA/CX3CL1/NFKB1/TLR1",0.407017918923954
"HALLMARK_REACTIVE_OXYGEN_SPECIES_PATHWAY","HALLMARK_REACTIVE_OXYGEN_SPECIES_PATHWAY",31,0.586992265444049,1.49024595649519,0.0331665884777583,0.0975487896404655,0.0677707380660076,709,"tags=35%, list=11%, signal=32%","NQO1/FTL/MPO/GSR/G6PD/PTPA/EGLN2/SOD2/HMOX2/TXNRD1/GCLM",0.321775918075361
"HALLMARK_PI3K_AKT_MTOR_SIGNALING","HALLMARK_PI3K_AKT_MTOR_SIGNALING",75,0.518721759457568,1.48220955334246,0.0142704763829353,0.0509659870819116,0.0354079489200649,1147,"tags=31%, list=18%, signal=25%","EIF4E/HSP90B1/GRK2/CFL1/VAV3/MAPK10/CLTC/PRKCB/ARPC3/CAB39/YWHAB/RALB/DAPP1/GRB2/CDK2/LCK/SFN/PFN1/PLCG1/TNFRSF1A/ARHGDIA/PTEN/PTPN11",0.380730400722792
"HALLMARK_OXIDATIVE_PHOSPHORYLATION","HALLMARK_OXIDATIVE_PHOSPHORYLATION",78,0.504117271848703,1.46377614519407,0.0135915334426597,0.0509659870819116,0.0354079489200649,1818,"tags=45%, list=29%, signal=32%","GPI/GRPEL1/CS/POR/IDH1/ACADM/DLD/LDHA/LDHB/MDH2/MDH1/GOT2/RHOT1/HSD17B10/PDHB/HSPA9/DLAT/DLST/IDH3G/SURF1/ECI1/ACADVL/ATP5PO/ACADSB/ATP5F1B/ATP1B1/SDHB/ATP6V1C1/PDP1/AIFM1/TIMM13/PRDX3/CYCS/CYB5R3/NDUFB6",0.380730400722792
"HALLMARK_IL6_JAK_STAT3_SIGNALING","HALLMARK_IL6_JAK_STAT3_SIGNALING",76,0.497161695441476,1.44117272799301,0.0179934233792307,0.0564115509978769,0.039191182798525,1635,"tags=43%, list=26%, signal=33%","CXCL10/STAT1/CXCL11/HMOX1/CCL7/IL6/PTPN1/TNFRSF1B/IL17RA/A2M/IL18R1/IL1R2/STAT3/PTPN2/GRB2/CD14/TLR2/EBI3/IL15RA/LTBR/TNFRSF1A/PTPN11/LTB/CXCL9/CSF1/TGFB1/FAS/CD36/IL2RA/TNF/CBL/PF4/IL3RA",0.352487857583619
"HALLMARK_GLYCOLYSIS","HALLMARK_GLYCOLYSIS",132,0.461923907101028,1.42105052333967,0.011021040447308,0.0459210018637834,0.0319030118211548,660,"tags=26%, list=10%, signal=24%","PKM/PYGB/IDH1/PYGL/ALDOA/COPB2/TPI1/DLD/PMM2/FKBP4/ME2/TGFBI/LDHA/GNPDA1/MDH2/G6PD/TALDO1/HSPA5/SAP30/PGM2/AGRN/PGAM2/PGAM1/GFPT1/MDH1/AKR1A1/QSOX1/GOT2/UGP2/PPIA/TFF3/ENO1/ERO1A/HK2",0.380730400722792
"HALLMARK_TNFA_SIGNALING_VIA_NFKB","HALLMARK_TNFA_SIGNALING_VIA_NFKB",124,0.452006799160182,1.37952713890826,0.0180516963193206,0.0564115509978769,0.039191182798525,1033,"tags=27%, list=16%, signal=23%","GCH1/CXCL10/SERPINB8/CXCL11/RIGI/TNFAIP6/IL6/TNC/SERPINB2/ICAM1/PLEK/IFIT2/CCL2/TNFAIP8/IFIH1/EHD1/CCL5/PLAUR/SOD2/PFKFB3/HES1/NAMPT/CD69/SPHK1/TLR2/TRIP10/ICOSLG/SERPINE1/IER2/IL15RA/RHOB/CCN1/NFKB1/STAT5A",0.352487857583619
